Index,pH,Iron,Lead,Color,Fluoride,Copper,Sulfate,Chlorine,Total Dissolved Solids,Source,Water Temperature,Air Temperature
0,8.332988427,8.35E-05,3.71E-52,Colorless,0.607283431,0.1445987,87.26653841,3.708177873,332.1187886,,,43.49332428
1,6.917862877,8.05E-05,7.85E-94,Faint Yellow,0.622873794,0.437835305,144.0109807,3.29203779,284.6419843,Lake,15.34898067,71.22058602
2,5.443761984,0.020105859,5.29E-76,Light Yellow,0.423423412,0.431587631,275.7021072,3.560224335,570.0540943,River,11.64346697,44.89132961
3,7.955338707,0.143987845,4.00E-176,Near Colorless,0.208453521,0.239450885,147.1632331,3.516907189,100.0438379,Ground,10.09239196,60.84323293
4,8.09190898,0.002167128,4.17E-132,Light Yellow,0.222911919,0.616574354,175.2751746,3.177849467,168.0755446,Spring,15.24941574,69.33667064
5,,6.44E-06,6.10E-23,Near Colorless,0.054562464,0.851326326,40.85340276,3.957842188,365.6390447,Stream,13.96684247,45.44479786
6,8.132455255,0.055262287,2.92E-52,Light Yellow,1.111893375,0.247115755,,1.706754944,266.0795653,Aquifer,27.92038025,68.10449761
7,7.258203146,6.11E-09,4.40E-224,Colorless,1.016196237,0.298093421,114.5514266,2.325093924,214.5531038,River,15.89190486,61.13914033
8,8.238148579,8.08E-10,1.84E-57,Near Colorless,0.316944556,0.973190304,118.5412785,3.798676181,436.3179372,Spring,69.94304793,92.42038135
9,7.100649704,0.003019038,6.46E-148,Colorless,0.842107168,0.391601633,167.4178371,2.284970892,113.9090767,River,11.89937575,14.01026764
10,7.177935595,0.11226195,2.29E-34,Light Yellow,0.658048026,0.170881758,77.82480034,2.353324446,491.3447246,Spring,19.20932517,46.91058779
11,7.80668495,1.16E-14,1.36E-46,Near Colorless,1.90331274,0.161621837,82.7920973,2.497478009,437.7852276,Spring,29.42780545,35.79884222
12,7.610982744,0.070003348,1.73E-125,Near Colorless,0.456858153,0.657833867,120.7470133,2.860287296,262.6895452,Ground,22.93434347,76.54752631
13,7.690541553,3.11E-05,7.58E-105,Colorless,0.952632636,0.460585332,,3.785155554,239.3528377,Reservoir,34.11101754,84.12431421
14,8.474667183,5.55E-05,1.03E-114,Near Colorless,0.377733462,0.13420333,,3.200891429,487.7887681,Stream,17.81015859,69.10433875
15,10.71122614,3.377360167,4.28E-52,Light Yellow,2.246267091,0.040579924,155.6670374,3.415349249,523.907933,Spring,23.6131966,48.01537938
16,6.970263109,5.76E-05,3.68E-219,Near Colorless,0.052389685,0.97708404,205.6581386,2.104705864,193.6239882,Stream,20.45306382,49.9489486
17,8.470968665,0.001307171,4.29E-55,Near Colorless,1.01396654,0.170617904,199.117882,2.575973671,408.0619463,Ground,42.90937499,60.69900785
18,7.67366399,0.003307348,7.18E-50,Colorless,0.445193031,0.389818218,167.0482365,2.946246097,48.58249114,Lake,21.95535797,69.66261556
19,8.116287777,0.001502838,1.15E-30,Colorless,0.234745503,0.678391063,111.6114476,2.710583878,244.5238337,Spring,19.63949754,54.40494041
20,9.686076369,0.00020484,6.90E-23,Faint Yellow,0.92677089,1.194377813,128.283411,3.338544274,270.9214347,River,7.824435597,32.12173076
21,8.043915825,4.11E-10,8.13E-22,Light Yellow,0.492238623,0.429650744,139.9124827,2.932978498,364.2170621,Spring,10.54463734,60.13857628
22,8.056976687,0.06709515,7.48E-65,Colorless,0.52590575,0.385891938,115.7411217,3.881795207,220.8392753,Ground,9.72796938,70.39640258
23,6.69641597,0.003627365,8.66E-140,Near Colorless,0.580374694,0.316443827,175.7891938,2.880497138,494.4990189,Ground,12.89275736,51.85387201
24,7.868437932,0.14319044,7.07E-70,Light Yellow,0.986012165,0.687212104,202.4635749,3.964579274,470.3499952,Spring,17.99987581,58.47678988
25,6.894406895,3.18E-06,8.60E-21,Faint Yellow,0.670861495,0.955219125,84.84729924,3.167305373,267.6884953,Reservoir,12.08859214,40.48316333
26,7.255512034,0.002563799,1.19E-167,Near Colorless,0.620665881,0.018931339,63.6102173,3.007199374,27.24854148,Lake,11.02901725,61.40521822
27,6.861479584,0.023791258,1.32E-21,Near Colorless,0.493012333,0.487069763,241.0545354,3.470212813,256.2162232,Spring,13.43606974,74.04752303
28,7.010323682,9.70E-09,8.66E-53,Light Yellow,0.222069252,0.242559328,106.8008009,3.540127562,415.5333719,Aquifer,13.45111951,74.72365152
29,6.511835851,1.20E-05,3.03E-40,Near Colorless,0.136341432,0.266432847,90.35615905,4.032202226,297.2420159,Spring,25.28985355,85.8813983
30,7.103847731,2.42E-05,6.15E-151,Colorless,0.861823809,0.611152337,114.9914607,2.179692919,173.6975407,Aquifer,14.86239438,76.07841746
31,7.22013009,1.136440989,1.14E-13,Light Yellow,2.260201544,0.170798544,103.3053836,3.528530815,48.62621882,Ground,26.53491855,42.34042132
32,7.301559016,4.75E-12,0,Faint Yellow,1.728727473,,155.3560136,4.001364547,301.4332287,Aquifer,14.34347468,63.4604877
33,7.521688576,0.03111442,1.89E-14,Colorless,1.078356553,0.702645034,112.041566,3.317657026,221.9062301,Spring,14.24758325,69.36938606
34,8.194489147,3.34E-09,7.95E-221,Faint Yellow,1.107258278,0.394181003,77.51371148,3.630771118,274.0591788,Stream,26.81621742,51.53553423
35,8.275215616,0.061593993,3.49E-79,Near Colorless,0.690116975,0.019401315,101.4760722,2.818203265,230.1046868,Well,22.13046592,75.12310752
36,9.43516344,3.37E-07,0,Faint Yellow,0.262923173,1.020914946,167.3994116,3.833710062,219.0738686,Reservoir,19.53626426,65.0026427
37,7.006694099,0.120539763,0.00E+00,Faint Yellow,1.989997921,0.39947062,97.49384079,2.915153362,358.1875127,Reservoir,19.42507668,58.21077717
38,,0.287578839,3.69E-29,Near Colorless,0.798885612,0.573801792,130.0053842,2.738201058,88.94322125,Ground,28.44835197,60.69055426
39,7.401498147,0.004123035,1.33E-205,Near Colorless,0.260754515,0.491131311,93.34521368,3.579055312,441.7742919,Aquifer,29.698308,52.14606501
40,7.901424444,4.08E-08,2.08E-227,Faint Yellow,1.913541443,0.662795802,173.9678994,2.790015637,227.2701928,Ground,16.05837185,36.93577609
41,8.172357531,1.23E-05,3.04E-154,Faint Yellow,0.602832426,0.598928642,134.7595386,3.439296979,31.23849276,Stream,32.10501239,44.29758196
42,7.431495941,0.001635646,6.45E-195,Colorless,1.010052705,0.46614895,135.8753978,2.66746748,356.3765522,Stream,6.314277108,35.87557811
43,,2.16E-05,5.50E-17,Near Colorless,1.082689517,0.854998943,56.25783611,2.982039646,186.8509602,Well,17.68592126,52.21837493
44,5.400852708,7.34E-14,1.95E-100,Light Yellow,0.116613835,0.294291419,70.12855074,2.770273482,478.567391,River,29.37151015,61.40091034
45,6.618012549,2.24E-07,2.44E-81,Near Colorless,1.241010695,0.007896379,,2.33255204,383.813214,Ground,17.13186667,83.48746559
46,7.229062557,0.222329354,3.10E-165,Faint Yellow,0.998206346,0.043582834,106.5088707,2.902453635,283.812106,Well,22.75208522,62.89846833
47,7.343266741,1.626815806,0.002362366,Yellow,1.137329332,0.151417002,114.9238111,3.372626682,227.7593416,Lake,24.50035289,
48,7.065222074,0.001928712,1.34E-76,Colorless,0.03230651,0.832726154,158.5557094,4.056722037,167.764076,Spring,19.95037436,35.63303503
49,6.546457093,0.025462043,1.79E-56,Colorless,,0.353091472,166.3761043,3.184865581,445.4997992,Reservoir,4.617923903,38.33696843
50,8.376142694,5.83E-08,8.43E-33,Near Colorless,1.260982341,0.427406712,107.0185378,4.05758095,35.57655644,Aquifer,19.63447674,
51,7.745498519,0.011184352,8.54E-11,Colorless,1.801652773,0.400761646,119.8443989,3.106633644,194.8692376,River,6.304719221,61.49233834
52,8.460832637,0.019863369,1.17E-256,Faint Yellow,0.515965412,0.16954337,190.0310968,2.494293375,13.92561402,Aquifer,7.611181395,82.67430368
53,8.114360369,0.115029238,7.81E-107,Colorless,1.260913074,0.220516732,66.1821126,2.587877033,184.3126293,River,33.31371582,9.541409811
54,8.008002831,0.112823268,3.48E-48,Near Colorless,0.63686531,0.986496963,72.55628577,4.169012025,291.9996476,Aquifer,7.698898507,19.69237692
55,7.347032337,0.848170808,9.57E-15,Yellow,2.268661469,0.017110881,99.09065169,2.442585371,277.2934764,Well,23.87311338,66.13957732
56,8.434577668,0.000181591,2.10E-76,Colorless,1.086360466,0.97359049,110.3935469,2.467000713,280.5476958,Well,28.22391149,76.47802391
57,6.528361001,9.03E-06,1.78E-12,Faint Yellow,0.631840697,0.629713376,198.1081045,3.147568298,387.7423301,Stream,19.52162228,71.73397037
58,7.572927782,0.000448654,4.46E-32,Colorless,1.836746333,0.045617381,199.0965614,2.561836272,86.00864464,Well,19.79592161,57.14658664
59,7.996271774,2.05E-31,2.36E-155,Colorless,2.014248947,0.657660481,204.6676955,3.289865555,352.7715345,River,16.19257439,73.13277954
60,8.277861898,1.673820062,1.49E-25,Yellow,4.54059223,1.27708208,100.3798695,2.820242057,40.18197845,River,8.308328967,59.91187866
61,6.742295375,0.003071269,4.37E-66,Light Yellow,0.278589683,0.064857066,157.062633,4.01084552,375.6482708,River,8.678587609,73.83466213
62,7.174292314,0.000450845,7.80E-143,Faint Yellow,1.608846964,0.025924839,106.5607812,4.104688836,85.16018148,Well,30.21617562,75.30422897
63,8.005993666,0.000953968,2.07E-66,Near Colorless,0.673207293,0.090387268,172.8487724,2.534193032,92.74860288,Ground,12.55729592,91.37140192
64,8.19440644,0.003387248,2.41E-71,Near Colorless,0.355717312,0.362046386,63.51831133,3.781047008,297.6212268,Spring,15.78676421,35.65313745
65,8.203270966,3.71E-06,3.87E-82,Near Colorless,0.837442154,0.249808623,95.54982058,2.12071124,293.1570827,Well,18.75345674,49.82153079
66,6.563512313,,1.83E-68,Colorless,0.74031589,0.391027649,222.9325658,4.138511637,392.8120671,Ground,,36.50515143
67,8.382024477,0.013913668,4.72E-09,Colorless,1.831638548,0.058853952,69.58311057,3.059586399,456.5334436,Ground,8.200886172,81.76820826
68,7.509826336,4.05E-05,1.93E-73,Colorless,,0.001366743,137.933399,2.676003027,496.0652368,Aquifer,40.10753484,62.8529473
69,6.509417406,1.38E-06,1.45E-72,Near Colorless,1.079495259,0.781213825,191.6979496,3.024076467,3.579388731,Aquifer,20.01076464,50.00186731
70,7.583946163,0.065493181,3.07E-103,Colorless,1.114830386,0.2115857,113.1052049,3.416983832,345.9749736,Lake,16.59753865,63.65386185
71,6.946186344,6.25E-06,5.30E-38,Near Colorless,0.390461315,0.195479492,114.3818051,3.04997223,333.5836336,Ground,11.8239863,80.95366203
72,6.605370268,0.000560493,1.97E-08,Near Colorless,0.431933064,0.944459802,117.5619241,2.51827806,60.58522655,Ground,13.85684971,47.11167679
73,6.598732171,2.19E-08,5.35E-154,Near Colorless,0.58759751,0.483260895,101.3941784,2.92851417,456.4167065,Reservoir,6.334083759,64.55519297
74,6.938338577,0.006784488,2.66E-135,Light Yellow,0.818453924,,66.83809996,3.292080559,143.3099241,Lake,24.60245622,75.56751327
75,7.00906841,0.000674535,7.25E-24,Faint Yellow,1.137975633,0.208441171,52.76565651,2.601354028,280.7453219,Lake,30.81057351,81.98222592
76,7.07614264,1.55E-05,8.19E-17,Near Colorless,0.477741117,0.613079228,84.9068974,2.479957205,257.5473068,Lake,10.64823891,60.32150602
77,7.555391403,0.124929517,1.55E-154,Near Colorless,1.297683497,0.147555122,229.4827605,3.093159274,431.9707349,Well,8.826794013,55.11915742
78,5.377126339,4.98E-09,1.11E-10,Faint Yellow,0.384311295,0.300412304,92.85855225,3.730874494,484.7552502,Stream,77.85912886,52.85104389
79,6.823655469,0.289861824,9.62E-21,Colorless,0.608520192,0.013887635,80.45727106,3.001708107,98.40084891,Lake,10.11940278,46.43044666
80,7.158338548,0.026001753,2.04E-20,Colorless,0.522023921,0.447178855,123.0835785,2.803504774,319.8588777,Reservoir,16.25446967,67.93832643
81,6.735242311,0.813188077,5.15E-26,Colorless,1.250290646,0.530982992,138.3286203,2.364011073,88.3360681,,23.23450438,67.80433969
82,7.452954919,0.082662694,1.07E-15,Yellow,2.675461643,0.419830968,86.99319258,4.722377025,373.5264918,Aquifer,37.28756636,33.2612771
83,7.805978647,0.00021865,2.43E-85,Near Colorless,0.204523659,0.259784102,151.6543558,3.590942937,250.2873471,Stream,10.06117621,31.84157188
84,8.301319517,0.081483128,2.05E-43,Colorless,0.325893039,1.517856719,77.55823837,2.841848948,351.1210304,Spring,22.05674145,46.06265562
85,6.735629132,0.000850302,1.36E-275,Near Colorless,0.713574587,0.65373621,156.2026379,3.74059064,62.41282989,Lake,10.38148636,65.64626349
86,7.464118929,0.000608486,2.19E-11,Light Yellow,0.203731026,0.908933265,206.9584596,3.526526442,63.49635548,Stream,18.6957506,72.84973511
87,6.83654437,0.006887591,2.78E-51,Colorless,0.453603484,0.08749683,208.1419755,2.302668874,499.8973058,Reservoir,15.09066888,55.9814888
88,7.525706053,0.017584837,6.02E-22,Colorless,0.827583507,0.969756725,198.7645422,2.748443632,60.81669215,Ground,16.57014842,84.99046944
89,6.155759407,0.0285138,8.79E-19,Faint Yellow,0.805349076,1.496974605,219.9102375,2.572281932,270.2854261,Stream,,52.43412393
90,5.812625959,0.000106191,4.12E-114,Faint Yellow,0.029181093,0.215240308,142.809599,2.374634868,188.7868808,Ground,9.818648722,41.81458256
91,5.569066986,0.277571783,7.58E-40,Yellow,3.157741943,0.354272482,132.9156283,3.312373469,415.5684224,River,5.847498333,46.21717206
92,8.181562471,9.36E-06,1.65E-75,Colorless,0.625396301,1.034541565,75.52341554,3.39654967,144.5035977,Reservoir,18.15264843,41.39919493
93,7.493889387,0.000782903,1.13E-57,Light Yellow,1.641504538,0.216574023,123.3737155,3.094830971,111.1747901,Ground,21.5959488,63.50441437
94,6.514210882,0.000481721,1.41E-74,Near Colorless,1.565839904,0.257310064,209.0103336,2.226427954,492.6777238,River,14.88007206,74.71046125
95,8.274537826,0.019678034,3.17E-91,Faint Yellow,0.653924198,0.97998423,67.58979297,2.719370413,169.7314006,Well,8.4495058,57.04990091
96,8.300579045,0.305131798,1.14E-243,Faint Yellow,1.183628956,0.055338607,107.6601862,3.046647198,123.2753414,Spring,5.117430596,68.18070915
97,7.514003195,5.73E-12,1.79E-65,Near Colorless,0.926662986,0.248749626,186.1032266,2.936580989,342.1696077,Well,16.57005767,52.10555013
98,5.8119097,3.145390222,9.69E-52,Light Yellow,3.684809687,1.050117796,155.6221657,3.693343244,269.9597199,Stream,11.7148957,62.01849263
99,5.112710425,0.008343983,0.261722181,Yellow,0.280806913,0.395167149,216.6695378,4.390235424,209.5490358,Lake,76.57755715,61.86700228
100,8.512029471,2.86E-06,7.83E-88,Faint Yellow,0.033631665,1.020142605,128.4778696,3.157610219,307.3572329,River,38.97646396,55.8073275
101,7.459435462,0.025678187,0.003610128,Colorless,0.247772883,3.09426628,103.8330461,2.473935746,401.8635201,Lake,13.33072837,63.80416591
102,8.196043,8.13E-06,0.001785211,Near Colorless,0.705520582,0.328041909,147.5511944,3.570573925,152.7119597,Ground,10.18352816,67.13411514
103,6.749985982,4.50E-08,5.44E-67,Faint Yellow,3.279391968,4.302917571,91.9510828,4.439996897,125.75959,River,,69.90469166
104,7.377951525,0.001580587,3.76E-83,Colorless,0.87616298,0.469198124,166.0106777,2.737648203,135.0898209,River,28.7213262,42.14582625
105,7.112497921,0.007031911,6.11E-104,Near Colorless,0.455627911,0.499479149,96.0191664,3.033682832,297.414614,Lake,7.005818191,54.33454137
106,6.810137153,0.208011692,9.59E-56,Colorless,0.275609418,0.96850572,197.6535486,2.614883665,481.2347436,Well,11.7866775,31.27048936
107,7.288114759,1.63E-06,1.58E-66,Near Colorless,0.571950286,0.154613754,43.32306845,4.079514917,40.96020068,Ground,13.89947716,33.10802416
108,8.29460552,0.000221262,4.39E-10,Near Colorless,0.180486144,0.252056099,67.88901501,2.942130377,232.4897345,Ground,14.02241165,48.34948021
109,7.944835009,4.56E-05,2.23E-07,Colorless,0.890011567,0.700310179,189.9665299,3.948682373,298.7106339,Well,18.57335053,67.02285091
110,8.161208289,8.48E-08,3.21E-287,Colorless,1.160984299,0.064883284,178.055593,3.791885752,283.9896935,Reservoir,8.208487036,63.89541465
111,7.325354239,4.86E-12,1.04E-118,Faint Yellow,0.23416437,0.461745187,215.9116351,3.17789164,195.5060438,Ground,13.61320219,66.27481847
112,9.260864721,0.083630009,0,Colorless,0.779136178,1.094459749,345.1718246,3.173751359,139.9588235,Well,14.32463918,73.07713022
113,6.952198024,3.72E-06,7.79E-31,Faint Yellow,1.513069004,0.639521181,173.3364498,3.29386629,231.7350738,Spring,22.41129166,59.15451534
114,6.556598485,0.020146753,1.90E-12,Near Colorless,0.336787315,0.171073951,230.6587704,3.309825277,214.6456676,Lake,15.45996789,53.34454283
115,7.349387465,0.071483579,5.05E-58,Near Colorless,1.565719785,0.357635584,,3.000531103,269.9544793,Well,23.83620476,72.3775209
116,6.806017148,0.245874738,2.42E-90,Near Colorless,0.49928421,0.715462594,139.4740253,3.158895689,479.4855969,River,16.35354472,74.75718522
117,7.221107405,1.37E-05,7.57E-97,Light Yellow,0.853887765,0.405373029,224.6291965,3.25637038,211.6812114,Ground,27.9859751,8.401164297
118,6.273450252,3.72E-09,2.94E-10,Faint Yellow,1.152144764,0.494302908,115.802691,3.029814879,484.6420847,Ground,10.67425692,67.67840677
119,7.87940802,1.77E-07,3.21E-68,Near Colorless,0.470412376,0.139125399,128.7249796,2.607090248,299.0267673,Stream,21.42895115,39.46490801
120,8.342817555,0.220085922,2.90E-56,Colorless,0.926229235,0.093630115,80.05148277,3.249064347,474.5862117,Aquifer,26.50249806,50.67671461
121,7.637704446,0.01642979,1.82E-08,Colorless,0.920234551,0.123328293,153.3258075,2.963974296,250.5334212,Spring,13.83299634,53.21056729
122,7.47686923,0.000279426,1.04E-07,Yellow,0.143325498,0.448920727,321.204236,3.983736696,374.5649186,River,8.290174903,56.29314435
123,7.310980166,0.034315147,5.30E-138,Near Colorless,1.954176657,0.07382238,231.8126573,3.05321447,182.849285,Aquifer,16.19264687,45.18375827
124,7.432254263,7.32E-06,2.06E-11,Colorless,0.639532418,0.267104003,139.1328783,4.233170137,517.9949039,Well,20.40044635,74.78969935
125,7.238184739,0.312892522,9.66E-35,Colorless,1.073073239,0.19793429,,3.166337306,341.1344376,Stream,14.14845498,33.48722071
126,5.55805028,0.016113487,1.56E-102,Yellow,2.84685716,2.213986872,156.8645964,4.173388316,133.2321477,Spring,16.85583002,61.59330073
127,7.242437711,0.079284586,2.58E-76,Colorless,1.662159925,0.559285714,148.1101718,3.660580959,71.97021781,Well,13.56046234,74.19753735
128,6.932911046,4.64E-07,7.16E-43,Near Colorless,0.165574383,0.346371804,117.5500524,2.243819778,92.76613033,Stream,8.940082545,65.4782455
129,8.033216573,4.34E-05,3.99E-49,Near Colorless,0.210623789,0.365498346,215.526627,3.670561859,411.3818434,Reservoir,10.2753399,46.86265025
130,7.860083361,0.001031941,3.67E-36,Near Colorless,0.304902193,0.103526172,186.0274343,2.896601572,235.8600701,Well,40.74911587,70.98678007
131,6.905185462,1.60E-06,5.94E-44,Colorless,0.264417897,,64.19266614,4.07205679,444.9956046,Ground,14.86675417,67.8878344
132,5.01600767,0.192446094,7.40E-229,Yellow,0.886480467,0.107726257,57.58908681,2.961320756,432.0172093,River,15.35034483,82.45545517
133,6.753056678,1.85E-05,3.44E-12,Near Colorless,1.010560065,0.385543404,82.69793998,2.458538783,307.9155831,River,12.83745915,17.70975703
134,,2.04E-05,6.63E-57,Near Colorless,1.038088762,0.119784115,177.7053237,3.269891379,388.5923461,Well,7.614215414,70.70080326
135,8.117527047,0.021082839,1.28E-94,Near Colorless,1.143087705,0.513923231,161.1869085,3.272010216,160.0876903,Well,17.94570801,62.83164537
136,7.773331301,4.83E-05,7.59E-115,Faint Yellow,0.150670425,0.024061395,158.7450566,2.939060344,240.4890387,Spring,22.21393381,50.60595075
137,7.495911518,3.41E-13,1.44E-222,Colorless,0.448839403,0.006364032,194.9784268,4.055615774,9.637888426,Stream,22.63237185,62.83674637
138,6.673574504,0.038572062,1.45E-42,Near Colorless,0.272994704,0.483805049,194.7748823,2.944343097,304.8476166,River,50.1885625,68.0310304
139,6.678901956,0.023999852,6.61E-73,Near Colorless,1.057543156,0.215086391,173.6458015,3.304197341,145.0446681,Spring,10.43792143,19.80016866
140,8.373427835,0.04520101,9.79E-160,Near Colorless,0.952115455,0.242000191,196.6239858,3.109282338,277.4537243,Ground,27.06381202,39.03391406
141,7.266006348,0.001536918,5.84E-107,Faint Yellow,0.223051379,0.437244276,147.5555215,2.126126146,194.7411326,Aquifer,14.36440113,94.88580165
142,6.975445783,0.127144868,2.02E-66,Colorless,0.034314941,0.343797455,183.6355853,3.205029179,16.52604874,Ground,23.71630782,63.94344496
143,7.094511471,0.14291004,4.08E-291,Faint Yellow,0.261077581,1.0251779,72.16083656,2.873356019,484.2209499,Aquifer,30.52830313,12.45535595
144,7.041508552,0.000327646,0,Light Yellow,0.146279296,1.03404753,130.508953,3.275205733,50.78738915,Lake,12.35059745,96.33674589
145,7.77939224,0.002146981,1.75E-185,Near Colorless,0.128299571,0.526693431,,1.854297197,248.5611005,Reservoir,11.37548681,68.71163353
146,8.452071511,6.99E-09,1.70E-12,Colorless,1.225146685,0.118793475,67.62968803,3.218228818,151.2657329,Lake,18.95169423,44.10029002
147,8.350365253,0.016340487,5.12E-106,Colorless,1.526632488,0.564558874,165.2123699,3.215171908,32.85824491,River,30.34645161,35.20509578
148,7.921981003,2.58E-16,1.51E-26,Near Colorless,1.064043699,,199.7880813,4.18186642,104.6183088,Ground,11.21594175,23.82159971
149,7.563467336,0.118776873,4.17E-274,Colorless,0.006053083,0.002132576,41.63174669,2.414834086,201.0216537,Aquifer,9.887416597,60.46934724
150,8.464140726,0.002047841,9.15E-13,Colorless,0.501906114,0.355963622,130.7045518,4.128534727,410.6947938,Aquifer,,73.14765754
151,6.664872171,5.86E-08,2.56E-80,Faint Yellow,0.595882518,0.106504599,149.5508586,2.481081875,442.164826,Well,14.30758555,50.88913789
152,7.6962602,1.46E-07,1.60E-177,Faint Yellow,0.25485899,0.430690782,173.3794776,3.282499478,434.1809615,Spring,9.942834234,62.70621575
153,7.909682979,1.40E-13,0.111200209,Faint Yellow,2.162507109,0.630822575,162.3944314,3.426783798,477.6168002,River,19.86711017,39.03497605
154,8.4552853,0.00036171,1.97E-141,Near Colorless,0.250366415,0.073158103,219.2133351,3.936137039,389.0211413,River,32.20546625,41.12976468
155,8.059772486,0.031351181,7.55E-33,Light Yellow,0.052058721,0.172357198,88.18417025,3.185025096,484.3726724,Stream,,78.02207203
156,7.930135659,3.12E-05,2.02E-70,Near Colorless,0.75704946,0.039258589,113.8862712,2.727121637,316.2243886,Spring,17.2573185,64.68259801
157,8.038594286,0.242685686,3.37E-171,Faint Yellow,0.143419014,0.085283016,147.4248626,3.470305014,433.71819,Lake,13.60160151,78.35697633
158,6.504663187,0.001633831,3.65E-172,Colorless,0.064859953,0.012612437,141.8220453,2.813035316,162.1087448,Spring,18.22977237,37.81497344
159,7.090699095,0.012120518,4.84E-98,Colorless,1.815774651,0.146900552,94.89470123,2.361816404,82.92001827,Lake,35.74657781,62.34204006
160,8.305984493,0.000156556,3.42E-27,Faint Yellow,2.119087829,0.227231112,249.2665118,3.533206516,317.9562871,River,20.91779011,80.07972787
161,7.147250535,0.163399499,4.10E-19,Near Colorless,0.57312371,0.6215314,126.7110077,3.028579195,374.7971882,Well,12.4417242,62.07324535
162,7.997613006,0.001672493,5.4e-323,Colorless,0.271257725,0.499314925,141.8696394,2.888767578,80.07768472,Spring,6.91435352,35.03202526
163,7.244040973,2.63E-06,5.10E-91,Colorless,0.148146269,0.714810539,84.09958968,2.822798305,448.0811499,River,24.85865855,70.30968722
164,7.371013866,1.65E-06,2.31E-132,Faint Yellow,1.676052808,0.126577654,181.5611808,3.78355075,394.1711847,Stream,17.16350235,68.98427552
165,7.742886086,2.16E-06,2.70E-187,Colorless,0.691705935,0.718121396,162.2023143,3.109802249,321.3839739,Ground,42.97909652,48.77968079
166,6.974415631,0.00055116,1.10E-133,Near Colorless,1.307101268,0.543894047,111.0568462,2.652050901,66.30868657,Stream,30.66586791,64.52037089
167,8.46740802,1.25E-05,1.28E-134,Faint Yellow,1.404548759,,191.4954279,2.614776953,97.83599859,Stream,12.77843175,71.40212823
168,7.306910339,0.000722306,1.07E-21,Near Colorless,0.654902642,0.70136523,84.4879346,3.787706863,412.6222885,Lake,,52.98053481
169,7.65540552,7.82E-09,1.05E-232,Near Colorless,0.632531267,0.010743678,114.1814506,3.996848401,475.7306034,Aquifer,92.37683273,73.91670053
170,7.152974213,0.027217991,4.33E-12,Colorless,1.142143557,0.056419983,167.7615511,3.615749723,411.1265811,Well,36.33621287,55.56524009
171,8.441452024,0.006231504,3.60E-87,Colorless,0.953626158,0.712881011,96.03211232,3.331586611,218.7073886,Well,10.81500781,64.51238201
172,7.643246934,4.08E-07,2.54E-20,Yellow,0.900817563,,211.982544,3.218940552,500.0357293,River,16.438823,65.66080483
173,7.243327357,0.003725686,2.56E-26,Near Colorless,0.173536273,0.254410201,125.4553593,3.87206548,75.49243454,River,20.05632005,43.47015099
174,8.369103479,0.009799195,1.12E-264,Light Yellow,0.381871077,0.348816284,137.2736698,2.85907967,366.3153872,River,27.41255769,74.8344814
175,7.893552786,3.69E-06,1.13E-200,Colorless,0.554275951,0.449786539,115.3492085,3.855770914,142.2135884,Reservoir,36.99689276,53.0083781
176,8.192496237,0.050523094,0.000588641,Colorless,1.274821502,0.086055633,62.28293594,4.18918256,266.0171059,Aquifer,26.57143,64.32834773
177,6.729955416,0.000442078,2.76E-70,Faint Yellow,0.572820904,0.45154928,179.8955715,2.681346892,188.6409668,Spring,5.590082611,60.5285973
178,7.203331494,0.07273622,3.27E-54,Colorless,1.610435916,0.476793829,172.7428424,2.998758744,252.9722497,Ground,,54.17904372
179,8.246924934,0.014576323,1.45E-51,Colorless,0.956918773,0.002256479,186.084628,2.960474757,230.9086603,Lake,18.44700477,48.67435523
180,8.132731127,0.000718809,0,Near Colorless,0.226119617,0.251694258,158.7971385,2.419906446,323.5000237,Lake,9.50102686,63.79169343
181,7.930978642,0.025283567,1.41E-74,Near Colorless,0.422860344,0.125897021,232.6165189,2.725541858,331.1809584,Stream,5.867441261,78.34175557
182,7.197474383,0.004296687,3.17E-53,Colorless,0.339096479,1.033225708,80.06414369,3.325507214,440.6248812,Ground,29.24701719,18.35507098
183,6.928657219,3.26E-09,2.45E-28,Colorless,0.538463402,0.745405451,177.2847114,3.790950733,423.3886681,Spring,9.8099777,90.65960517
184,8.52851779,1.54E-07,2.13E-13,Yellow,1.172079711,2.915981605,223.9292078,2.988286209,241.610678,Ground,49.3779471,71.61737008
185,8.498951946,2.13E-05,1.33E-95,Near Colorless,0.071460295,0.247901276,183.4981317,1.931325639,357.945057,Lake,,37.0770004
186,7.926547201,0.073005577,6.95E-14,Near Colorless,0.972436506,0.176177277,244.3191017,3.085848868,89.01872476,Reservoir,14.37115468,86.80777574
187,8.420224419,0.112480607,3.68E-16,Faint Yellow,0.805055176,0.812750468,130.8502453,4.050228586,183.5053742,Reservoir,22.56852646,40.61358518
188,7.996515618,,7.31E-17,Colorless,0.404342809,0.151071524,73.1196962,3.838012352,54.37381449,Lake,42.34144698,50.09751562
189,7.157729238,1.25E-07,1.64E-07,Near Colorless,1.10664832,1.008722398,115.0159538,3.466619953,273.8908505,Spring,29.21800066,32.36779597
190,6.864027808,0.028727392,1.83E-92,Colorless,0.844385912,0.034999686,104.5865386,2.292017181,207.1895669,Ground,3.827214389,65.22936145
191,8.24275498,0.000263397,2.70E-174,Colorless,1.567589004,0.349996309,173.7122471,3.195645029,424.3284619,Spring,22.51959502,38.53238003
192,6.994046973,5.71E-07,3.77E-30,Colorless,1.237795426,0.815783184,150.8348743,3.099302841,440.6621247,Stream,23.10009102,75.43288529
193,7.993260087,8.05E-07,2.06E-33,Near Colorless,1.271798334,0.17566039,81.09026219,2.280474376,461.0213095,Aquifer,20.42609157,48.12660253
194,7.310256873,4.60E-07,4.30E-82,Colorless,0.475111578,,132.835448,3.607292798,70.87576951,Ground,13.87483449,34.77525939
195,7.618417171,0.10594827,2.88E-35,Near Colorless,0.812190342,0.705674232,169.8481483,3.024938603,478.4714045,River,35.52888205,30.80330705
196,7.131818059,0.196992048,5.32E-20,Light Yellow,1.306005272,0.0579116,187.2140011,3.285879487,136.6990512,Stream,20.48083087,91.21967844
197,7.553088583,7.17E-06,4.96E-34,Colorless,1.385048005,0.421306163,127.4402606,2.276358598,446.3638188,Spring,15.32917251,70.42907059
198,7.521412988,1.47E-05,5.80E-33,Colorless,1.095479205,0.26640414,,2.303508623,398.2798798,Reservoir,25.68607397,61.4099978
199,7.624062938,3.07E-09,9.51E-47,Colorless,,0.1452858,91.88380088,,415.5209761,Well,23.9923365,59.19363453
200,7.060339379,5.56E-08,2.01E-122,Colorless,0.320902049,0.010304066,114.5571152,,73.36621823,Lake,21.18198405,44.62374157
201,7.937462939,1.83E-17,2.42E-81,Colorless,1.465847787,0.350170029,141.9022707,2.957371389,177.0523071,Well,10.83407527,50.37450106
202,7.029506068,0.2165651,1.68E-57,Colorless,0.491821291,0.451213513,217.5072408,3.954548551,93.48057024,Ground,36.29056623,30.22728755
203,7.578584909,4.978244442,6.68E-21,Yellow,1.546035741,0.147622402,98.45432184,4.158137844,528.3313615,Spring,5.839653074,82.35634596
204,6.797150345,0.014408734,7.93E-142,Near Colorless,1.210984996,0.200069336,176.7490448,2.831884579,29.33179382,Aquifer,34.89731716,73.60880492
205,6.895365168,0.000153814,2.62E-34,Near Colorless,0.606693488,0.807101518,108.7036593,2.722002959,478.2895546,Lake,7.53634647,78.20621682
206,7.825094518,9.39E-07,1.04E-165,Faint Yellow,1.101807391,0.850626476,,2.061102247,176.0066036,Well,11.50178331,27.42949263
207,7.256217664,9.18E-06,1.87E-56,Near Colorless,0.194795145,0.922094956,240.5412187,3.211609317,110.8905286,Reservoir,10.56067633,39.92223744
208,6.866131962,0.011777995,0.004647635,Yellow,1.753161418,0.702460699,137.5426376,3.273265882,98.46606409,River,13.76746479,62.26926189
209,8.219198175,8.47E-10,7.32E-236,Near Colorless,0.763343529,0.655221954,159.0360802,3.331423276,213.7323467,Spring,7.126143044,50.71793576
210,6.998069624,0.011402706,3.96E-44,Faint Yellow,0.33261893,0.271374421,90.00903809,3.98751978,361.8443963,Spring,12.80478329,34.63535892
211,7.463917007,0.004697526,6.41E-12,Near Colorless,,0.854869406,135.4497084,2.85848051,44.06576652,Spring,28.12455803,44.29240479
212,7.965510468,0.025898438,4.61E-144,Colorless,1.66157731,0.284257592,233.8023726,3.350507572,115.7265841,Ground,34.919679,59.61321331
213,,0.000946329,1.04E-29,Near Colorless,1.286043721,0.524688276,140.4057295,3.670187403,441.0824919,Spring,39.54239802,85.46534123
214,7.543311475,0.000149878,1.94E-57,Faint Yellow,0.09449379,,223.4639772,3.363620122,20.36443279,Reservoir,17.38670326,104.165531
215,7.595758511,0.046394005,4.83E-77,Faint Yellow,0.550778588,0.469726566,122.032472,3.2920474,226.3119991,Ground,14.25661122,45.99258846
216,7.559297347,0.084001596,5.31E-43,Colorless,1.117989142,0.050695957,91.52098626,3.294501903,2.178878398,River,17.78894072,72.04826144
217,6.70555644,0.47773678,2.01E-16,Near Colorless,0.739703282,0.173214241,140.2379465,2.975329412,123.7451295,Well,22.64748889,55.95580691
218,7.128514891,0.000140336,4.77E-222,Colorless,0.977895947,0.598679895,48.24410201,3.4568199,436.4755865,Spring,9.765318274,80.02306127
219,7.710000997,0.07254268,1.11E-175,Colorless,1.031646418,0.182858602,92.04753163,3.906724868,462.7823005,Ground,6.810493872,67.52693174
220,8.076170624,0.001207406,7.37E-71,Colorless,0.949118383,0.420202743,108.9410817,3.349534663,341.0950278,Spring,33.13014913,61.5426031
221,8.498408023,2.48E-07,1.39E-211,Light Yellow,0.91825129,0.216687015,152.6762404,2.740620047,120.4904929,Aquifer,9.679755014,13.36249431
222,7.472356228,1.16E-07,7.19E-33,Light Yellow,0.993153577,0.283060999,234.3667397,2.424710392,220.9753434,Ground,26.61409135,59.83551063
223,7.156718504,7.13E-07,2.49E-15,Colorless,1.059125444,0.417764928,161.6480101,3.659701671,437.0412477,Lake,14.26321123,73.84506903
224,7.054944414,0.154445079,4.47E-21,Near Colorless,1.136034533,0.123424965,174.485563,3.886867322,289.9469199,Ground,21.8143337,25.9455023
225,7.570896503,0.012018881,3.93E-43,Colorless,0.523884256,0.540291845,134.5661373,2.987088761,299.4827749,Aquifer,20.13354028,64.4272278
226,,2.67E-05,8.18E-100,Near Colorless,0.269320063,0.298832205,85.4506904,3.346135044,20.11635635,Spring,10.89566725,85.12355875
227,6.828374479,0.000379396,5.29E-05,Near Colorless,0.481063943,0.374120859,,2.854949773,325.6255893,Spring,15.59071402,46.61510638
228,7.9433234,0.149004814,3.28E-243,Faint Yellow,0.520576799,0.126742511,175.7150329,2.609845154,155.8674516,Reservoir,13.54333665,61.77065682
229,7.176081845,3.27E-08,7.18E-130,Near Colorless,1.250413767,0.063442415,85.83223889,2.791850816,409.3587747,Lake,12.07649783,96.09820183
230,8.03229512,5.25E-07,0,Near Colorless,0.927731119,0.375160115,61.51915997,2.84859411,416.8256341,Aquifer,13.22307726,36.73706558
231,8.03844652,5.06E-05,4.03E-25,Faint Yellow,0.416971892,0.006765344,187.7831954,3.393641674,427.4747934,River,22.44206277,77.37922775
232,7.381198217,0.075931744,6.27E-69,Faint Yellow,1.995272012,0.006036257,99.26816039,3.514642848,178.3363668,Well,23.81774284,32.47090432
233,7.76986354,9.11E-11,1.72E-36,Colorless,0.03356135,0.356160121,212.9075644,2.482663018,63.52431727,Well,5.379060453,47.22396206
234,7.431611453,0.240122937,7.38E-299,Colorless,1.725291814,0.329774457,195.2985962,4.011474541,478.5049336,Lake,26.91112535,60.88459176
235,6.821523224,6.92E-05,8.34E-52,Colorless,1.938679524,0.337289029,125.6276144,4.047403731,230.5766579,Stream,20.48722236,56.63486749
236,6.960698491,0.00019035,3.51E-194,Colorless,0.080008166,0.275681346,51.98688515,3.948944136,162.4871637,Lake,4.466483981,35.42036528
237,7.221279418,4.29E-05,1.63E-44,Near Colorless,1.562828931,0.448488229,149.1608855,3.058696909,2.640646763,Aquifer,17.91171424,36.82921272
238,7.875844265,0.003528373,8.45E-218,Faint Yellow,0.152965299,,80.9484221,3.20794868,407.8287018,Reservoir,21.77558736,53.08402435
239,6.602145998,0.01101415,4.03E-75,Near Colorless,0.288264597,1.409473429,133.8307847,4.035524675,387.5119998,River,14.10033644,48.56018377
240,7.466436548,3.47E-05,8.85E-26,Near Colorless,0.659146408,0.459915003,102.0921347,3.042083507,314.1547978,Spring,22.68981188,81.80758515
241,6.69759532,0.009310366,1.62E-11,Faint Yellow,0.167210607,0.869260541,233.1499904,3.77606501,257.5714794,Well,13.08245346,70.49584716
242,7.422040928,0.07771352,0,Faint Yellow,0.420199602,0.112883482,41.78636977,3.19064139,148.3337894,Reservoir,10.99022938,87.30857268
243,8.194093746,0.083621949,1.28E-43,Colorless,0.926174785,0.402627848,128.2440721,2.1942338,206.3480249,Reservoir,14.32283285,60.65896509
244,7.953782056,0.014334954,1.30E-148,Faint Yellow,0.461630064,0.200742668,70.12361663,3.687270003,177.1188969,Ground,30.92861206,97.67799108
245,7.105498183,0.002704834,2.72E-63,Light Yellow,1.685780575,1.779109225,141.8928905,3.725646779,99.44149374,Spring,10.48856254,79.8268042
246,6.787222313,0.097357161,1.59E-12,Near Colorless,0.40263415,0.384751043,149.9976182,4.057389722,324.5592152,Stream,44.59912563,52.52537725
247,8.293145405,0.010341294,2.77E-60,Colorless,0.243698055,0.585814564,127.0229466,2.826642502,368.9934852,Lake,22.66281678,45.33391529
248,8.320098016,0.028332216,1.93E-35,Colorless,1.79340456,0.023847642,97.14481997,4.067840415,19.66534628,Stream,24.65007931,47.20888572
249,7.131154439,0.000113076,1.08E-08,Light Yellow,1.015951691,0.05868076,95.19220607,3.31716639,303.2762992,Stream,13.38669156,44.47862758
250,8.194908966,0.116486815,1.19E-50,Colorless,0.148764234,0.346473538,163.9692491,3.086793878,44.43663716,River,23.86396819,0.028640435
251,7.189733721,0.040195026,3.37E-122,Near Colorless,1.715306471,0.440250334,51.33587005,3.82838467,479.5024322,Well,22.74307971,62.11248489
252,7.613717744,9.01E-09,3.83E-05,Colorless,1.884543785,0.283836479,137.1216015,2.083456981,492.2382442,Spring,13.95070108,44.45726272
253,7.230893128,1.82E-05,1.08E-59,Colorless,0.282035879,0.073486378,73.51322973,4.164882853,179.7671913,Ground,27.17111095,45.77710703
254,8.510801988,9.16E-05,3.60E-07,Yellow,0.559295096,0.880587373,62.38685835,3.84064004,346.8499604,Reservoir,12.80967626,61.24561392
255,7.130876067,2.52E-05,1.09E-74,Light Yellow,0.672101428,0.310684401,81.08092397,2.676102216,138.2712715,Aquifer,32.14028121,45.49952023
256,6.641046954,0.015692303,6.37E-42,Faint Yellow,0.532061445,0.027202436,164.4935091,3.614083742,482.7606126,Ground,12.30854689,66.34589933
257,7.187378637,0.003962581,2.70E-43,Faint Yellow,0.998067637,0.082591393,170.6911083,2.328435776,285.0636627,Aquifer,42.41982247,54.38754499
258,7.803469651,0.004470573,5.42E-38,Near Colorless,0.767493216,0.448495826,95.25658057,1.696659323,479.8160177,Stream,19.06263046,75.74624174
259,7.135413103,0.008031942,1.27E-146,Colorless,0.616536192,0.1628459,235.1116181,2.331078815,440.8050472,Aquifer,16.76158666,44.15129707
260,7.930876707,0.051047896,8.76E-37,Colorless,0.537615416,0.325704118,68.89294436,3.227026141,212.3706798,Aquifer,6.003612976,24.70576499
261,8.204816134,0.026856625,2.31E-93,Yellow,1.525570405,0.133748746,147.9520625,3.867530028,313.1320821,Aquifer,20.70378436,80.8101575
262,7.04326712,0.015013538,3.50E-83,Near Colorless,0.744495101,0.310122326,131.1149587,4.061754043,438.6637048,River,14.04913789,66.56661003
263,7.130753328,0.005354508,4.56E-159,Faint Yellow,0.611214744,0.112734252,110.3913425,2.867998127,477.8103151,River,20.35448252,72.89222419
264,7.358104991,0.047661751,8.67E-116,Colorless,0.554693025,0.063722773,87.35080155,2.678692144,295.0335211,Aquifer,9.268876939,63.09911503
265,7.592474885,4.99E-08,3.80E-09,Near Colorless,0.250083971,0.36667661,249.0806037,3.306513183,144.7486937,Ground,9.445246549,91.25131034
266,6.562139758,0.040133421,1.17E-17,Colorless,0.554725311,,95.07127299,3.541365021,129.7642613,River,29.61668556,37.56176052
267,8.196074708,0.006744241,1.17E-08,Near Colorless,1.124763908,0.517205086,75.13759026,1.756322215,408.34816,Aquifer,14.55261021,35.14900201
268,8.264135833,0.045485965,1.71E-26,Colorless,1.034098793,1.031420028,89.55066782,2.858317473,9.653701239,Aquifer,14.44971154,82.67126429
269,8.487607889,5.76E-05,1.80E-83,Near Colorless,0.633140251,,43.17965406,3.627365733,428.5816852,Reservoir,13.69791759,29.72682154
270,6.754512458,1.77E-10,1.40E-169,Faint Yellow,0.565039383,0.760316923,201.2988452,1.789338014,88.25122116,,8.861627194,33.24669733
271,7.101591341,3.11E-05,2.82E-72,Near Colorless,0.288453774,0.688525744,134.542503,2.845080881,393.4661966,Reservoir,16.30973801,22.44575892
272,7.858752084,2.08E-05,4.19E-40,Near Colorless,0.673198327,0.307948597,67.35951878,3.465692989,171.8227242,Lake,9.465411797,74.34937819
273,6.991436236,8.72E-13,5.73E-142,Near Colorless,1.365466838,0.203845901,216.44082,2.86422752,238.2436861,Well,18.01386075,76.0831425
274,7.030357166,0.009193954,9.89E-08,Light Yellow,0.531155697,0.021267178,241.7500201,3.638909799,456.4294241,Stream,10.3502653,81.12770516
275,7.54739686,0.000772475,1.12E-154,Colorless,0.087340905,,59.5277666,3.304277985,433.4463136,Lake,23.82250488,70.25420544
276,7.108298862,4.70E-07,1.79E-42,Colorless,1.818127053,0.052411176,193.1108003,3.747539275,348.0311038,Lake,15.95924803,73.36314384
277,6.763406956,0.180000165,1.09E-12,Near Colorless,1.325316182,0.54521968,151.4885479,3.181414601,70.42804991,Stream,7.529122152,76.44010954
278,6.648109216,2.01E-07,1.81E-66,Near Colorless,0.196718293,0.015920865,146.106113,3.202704805,37.3593219,Reservoir,3.477933033,49.35666573
279,7.353804978,1.17E-15,2.79E-05,Colorless,1.180707452,,98.1594553,2.399904899,262.7088005,Lake,34.68479524,68.69320774
280,6.673823176,0.001886466,4.45E-295,Near Colorless,1.152532723,0.313179341,71.6170411,2.6687649,319.1309617,Ground,25.99831012,35.00941761
281,6.652095428,3.77E-07,2.77E-38,Colorless,1.433107139,0.099411618,60.93657102,3.949559005,261.952141,Reservoir,14.21176209,
282,8.274671686,0.009339511,1.38E-27,Near Colorless,0.261086686,0.286179044,99.66930906,3.354954297,135.3586619,Stream,12.32212268,59.92493058
283,7.793088024,0.000495667,8.12E-21,Light Yellow,0.319957814,0.460763056,101.2498016,3.209662923,420.9383835,Well,30.33530515,76.33078185
284,8.295837739,3.88E-06,1.74E-110,Colorless,0.079567548,0.700208639,234.135087,2.383145284,405.1552989,Ground,17.89105141,65.84671579
285,8.302035822,0.000891195,1.29E-240,Near Colorless,1.324793396,0.875141314,168.5238232,3.369644255,367.2790426,Well,8.715304486,81.0290504
286,8.247722718,0.192670837,8.46E-99,Faint Yellow,0.120031024,0.184377663,79.09234255,3.061645008,297.3360937,Spring,8.584080191,48.60220185
287,8.214348337,0.004729576,2.51E-162,Colorless,1.046471566,0.146865655,218.8246841,3.687746461,53.087011,Aquifer,20.41251187,87.69708646
288,6.46937651,0.348453255,1.61E-223,Yellow,1.190364272,0.306837571,147.453791,3.246255269,368.4293101,Stream,16.15698925,82.38115961
289,6.644135585,6.75E-05,1.23E-207,Faint Yellow,1.578050762,0.024459535,87.6863221,3.796240149,217.5446864,Reservoir,15.37892117,70.87779692
290,8.295026054,0.03911302,7.09E-23,Faint Yellow,1.31887405,0.577870223,196.6714715,3.001053794,345.5558656,Stream,10.98456908,19.85374814
291,6.398232072,0.004373499,3.92E-24,Light Yellow,0.356933941,0.213349012,98.89483955,3.526636236,225.0891528,Ground,32.02615712,82.847349
292,7.395764492,0.000862835,2.07E-158,Colorless,0.418199251,0.958675324,170.5505585,1.858443871,239.6733875,Well,54.4950497,51.69696026
293,7.511991407,0.009989083,0,Faint Yellow,0.696551212,0.433140781,144.5131484,2.956513838,255.1128868,Well,9.778888766,82.37710058
294,7.451691855,0.109109709,1.24E-23,Colorless,1.27831577,0.266549831,48.40874678,2.261918451,1.858105087,Stream,29.10654704,63.77408123
295,7.614108025,4.55E-10,0.000212045,Near Colorless,1.883004735,0.383675667,228.1667946,2.925061126,380.9554903,Aquifer,7.499282738,41.28759445
296,7.262245689,0.000176693,9.21E-13,Colorless,1.076226147,0.006975729,63.2168299,3.829176193,447.9515221,River,9.159137315,70.86777592
297,6.651979566,0.037655372,5.38E-11,Near Colorless,1.840060174,0.345592978,96.05916005,2.277969035,329.7498018,Ground,17.86033385,72.98594534
298,7.475819314,0.061968741,5.17E-109,Colorless,0.162546139,0.878967575,115.8948217,2.623863775,426.0906776,Aquifer,25.12209366,50.9848422
299,6.534150691,0.023025015,1.62E-72,Faint Yellow,0.741520613,0.426694756,99.06729294,3.049727951,81.08304354,Aquifer,14.60356374,64.74507764
300,6.83333039,0.097837552,5.77E-50,Colorless,0.402150753,0.317593608,174.5089699,2.255231579,356.074524,Aquifer,18.17775177,76.89788638
301,6.872302027,1.29E-05,6.67E-13,Faint Yellow,0.226390182,0.027047144,71.54210243,3.59632855,416.1903269,Reservoir,,76.22675531
302,7.848100476,0.003210927,5.75E-08,Faint Yellow,0.332861729,0.60832606,149.6903082,2.42380365,276.792189,River,10.3745871,45.89987793
303,7.70346121,0.003726637,6.46E-118,Colorless,1.503217886,0.404932999,126.126173,3.221453988,145.4757026,Lake,17.44571471,33.66657689
304,6.380098364,0.286165423,7.08E-23,Colorless,2.423235879,1.845577183,81.16895742,4.005265673,252.8720143,Spring,11.64345139,59.22376501
305,7.089264761,1.21E-08,4.81E-250,Colorless,1.502857694,0.298714826,124.8851608,3.845398457,355.8307628,Reservoir,5.722842685,65.58152738
306,8.390385554,0.277459667,1.75E-30,Colorless,0.64420942,0.401240754,167.3914612,3.042025416,415.5265768,Well,13.43272826,57.19033402
307,6.736370027,6.60E-09,3.99E-38,Colorless,0.423910379,0.195262663,113.7872565,2.589175071,76.04342638,Reservoir,8.422165435,54.72676892
308,6.57401252,0.004301333,6.11E-26,Near Colorless,0.559596656,0.001275007,104.6351083,4.096089466,65.23720186,,8.134315246,69.47653931
309,8.330088601,1.07E-05,3.58E-17,Colorless,0.920712645,0.580204886,114.9094785,3.880321354,290.497511,Lake,18.08457974,53.85866727
310,6.951469063,0.006739079,2.47E-81,Near Colorless,0.491342374,0.396167585,47.13840387,3.463162635,104.7093245,Aquifer,24.87871067,64.02172123
311,7.734516026,0.111045423,3.70E-284,Colorless,0.281853828,0.406056954,156.4770123,3.251155324,368.3209729,Aquifer,11.33633241,52.80476351
312,8.077130362,1.05E-12,2.41E-58,Colorless,0.251426254,0.154459153,96.65105038,2.613430094,259.2713864,Stream,12.38375714,82.37840997
313,5.214959777,1.59E-09,4.29E-42,Colorless,1.141383647,0.381091872,84.75961541,2.638975173,378.3493662,Aquifer,20.45625289,51.54520122
314,7.610266409,,2.19E-84,Near Colorless,,0.096437259,200.4148859,5.423025697,546.8083297,Stream,12.52330456,54.31134856
315,7.163241053,0.025010643,2.97E-52,Colorless,0.106548904,0.592349282,99.75171801,2.883031505,207.9366201,Ground,49.03186791,63.15352029
316,7.569535693,0.193474178,1.95E-41,Near Colorless,1.220331798,0.684180854,151.8950037,2.397781178,131.4561596,Well,19.43142762,56.0806622
317,6.795748601,5.28E-06,5.69E-62,Near Colorless,1.90752731,0.609199352,73.19171668,2.277598508,176.7039765,Aquifer,11.86615547,75.65397902
318,7.844305704,0.078724122,1.58E-111,Colorless,0.155989086,0.075699449,120.838042,2.976532338,349.5388134,River,15.79833657,89.78839594
319,7.055283666,0.119271581,1.06E-118,Faint Yellow,0.314320691,0.055003452,246.412303,2.561201197,360.4434766,Spring,,93.49237791
320,6.845967382,0.100333459,1.01E-79,Colorless,0.421759875,0.323813035,82.96285247,2.986706661,216.7210775,Aquifer,17.62357489,76.78941932
321,6.994089175,0.026178838,1.73E-14,Near Colorless,1.395400671,0.127088775,87.1856441,3.556352681,243.3923766,Stream,44.08592939,48.79252438
322,7.244904236,7.93E-05,1.33E-117,Faint Yellow,0.388365985,0.313538192,89.18973072,3.639139925,195.8557186,Stream,12.37266268,67.51105102
323,7.51058991,0.295856228,6.88E-33,Near Colorless,1.090470444,0.039753407,71.60362052,2.357372898,342.1570471,Well,21.56630261,90.39636448
324,8.260845538,0.000516738,6.25E-37,Colorless,1.153588453,0.00061338,67.88335246,2.513382526,121.5434162,Ground,16.44448404,65.65863496
325,6.602670439,8.96E-07,2.01E-37,Near Colorless,1.407142223,0.346565177,158.0174783,3.180370953,94.94324505,Lake,18.22826074,87.30636037
326,7.060917049,0.106389912,1.47E-115,Colorless,0.622697788,0.058856846,160.5384273,2.709395086,107.1428776,Aquifer,27.48523051,90.1794319
327,8.035256177,0.000777163,4.70E-78,Near Colorless,0.609772658,0.768238828,172.0596109,3.985478104,76.20613719,Reservoir,24.41551312,60.88061042
328,6.759295556,0.004808689,1.73E-38,Light Yellow,1.32432466,0.017243521,178.0193766,3.490098826,35.80737036,Well,18.9044442,64.24471591
329,7.775087158,0.000229357,1.01E-133,Near Colorless,1.471952551,0.006186484,42.30865768,3.046113639,388.3685781,Stream,16.50864774,53.31915619
330,6.783603278,0.048371558,2.61E-33,Colorless,0.433460849,0.54605214,213.0478395,4.15122695,135.1527775,Lake,,91.25836765
331,7.427149061,0.121394925,6.95E-27,Colorless,1.141688781,0.691727078,139.293791,3.159759708,341.6557607,Aquifer,10.47837286,58.54002597
332,7.379356349,5.00E-17,4.17E-14,Near Colorless,0.176019645,0.823112019,119.9461781,2.478739434,111.5244279,Ground,24.15695891,62.83170311
333,6.563354746,0.054746939,6.12E-19,Near Colorless,0.107588596,0.132250491,122.3482478,2.524849423,124.0397003,Well,13.11930658,40.83565519
334,7.086753353,0.003349352,6.61E-42,Near Colorless,0.236359943,0.936048914,55.8583537,2.495231642,319.0751786,Stream,15.88613565,48.43586768
335,4.624755811,0.048323173,1.66E-08,Light Yellow,1.464971097,0.015028412,90.30698857,3.703058282,542.6818732,Reservoir,8.419323329,46.53908905
336,8.433291107,0.233944863,3.77E-133,Near Colorless,0.32021347,0.190467628,111.8360007,3.632406584,80.59534267,Well,40.30919053,83.27221445
337,8.436510122,2.13E-07,9.34E-51,Colorless,1.370595308,0.282387823,123.6122173,2.248610779,294.8759174,Lake,6.481188757,85.44836657
338,,3.10E-06,6.59E-54,Faint Yellow,0.975262826,0.710152546,121.5212412,2.762509535,198.7920182,Ground,13.58321169,56.89846516
339,8.495339893,1.28E-05,6.99E-38,Light Yellow,0.327837221,0.036166069,186.4557042,2.752469486,254.1800507,Reservoir,26.83807105,79.2695854
340,7.515678745,0.000301198,1.28E-83,Colorless,0.121662111,0.359652056,171.5873468,2.84426662,351.3407923,Lake,9.094449539,72.85795543
341,7.197518253,0.108119507,5.20E-133,Light Yellow,0.443327486,0.10451871,106.0552601,3.75868624,172.5218104,Ground,23.9167469,56.54048089
342,6.810377697,0.003969594,4.40E-67,Faint Yellow,0.23298186,0.886835222,247.3990901,3.501122805,487.2122113,Spring,21.01257034,73.76690636
343,9.644314558,0.020072523,6.47E-61,Near Colorless,1.381261806,1.839906361,147.6842012,3.410157579,579.5792499,River,13.44218751,64.75469657
344,7.361694903,0.125499557,7.41E-52,Near Colorless,0.673147603,0.54537939,138.6737572,3.899840298,136.3638999,Spring,24.27383285,78.84789669
345,6.563807188,0.000151615,6.66E-19,Colorless,1.968399614,0.052779171,127.0932535,3.267174373,192.0720316,Reservoir,14.61820728,65.92802753
346,8.246320284,0.000162716,1.16E-236,Colorless,0.53157107,0.491757948,180.3025905,6.092927955,572.093339,Aquifer,7.242203273,75.41561303
347,7.967588078,0.083952353,2.76E-307,Near Colorless,0.268108784,0.495398156,129.8569722,4.023603013,484.9008072,Spring,12.52230897,51.75308944
348,7.782071058,1.18E-08,2.87E-113,Faint Yellow,0.212430735,0.205877169,195.7420367,1.916030235,156.4233322,Ground,15.8237367,56.1494004
349,7.293637907,0.177085526,1.22E-17,Near Colorless,0.46515343,0.540124055,39.13643553,2.928321449,123.8712356,Aquifer,23.61408348,67.39603533
350,7.677240517,0.001890052,1.63E-19,Near Colorless,0.609954074,0.740820188,93.4899627,2.530740482,415.1157025,Ground,11.53965516,56.1565177
351,5.630371704,1.09E-06,1.40E-74,Light Yellow,1.572684866,,237.3077212,3.543422907,265.0071961,Lake,10.88070001,51.16111604
352,8.662255303,0.11779044,4.56E-42,Yellow,0.982314697,1.39368838,74.18712932,2.806863773,331.6279892,Well,26.81639705,50.45693399
353,7.665375162,0.005556257,0.00036225,Faint Yellow,0.839350866,0.213648904,142.2031357,3.200386634,120.8331105,Aquifer,40.08994678,26.90401219
354,6.555090994,0.019026521,9.53E-07,Colorless,1.665183564,0.043067342,135.9529888,2.035912694,290.7319345,Aquifer,15.39660095,49.31390579
355,7.156411543,5.23E-05,1.65E-102,Near Colorless,0.508980848,0.003667456,195.7086551,1.872209152,322.5774482,Well,14.73224426,73.56913676
356,6.669082557,0.010814787,2.16E-22,Colorless,1.360957073,0.187643991,154.8034505,3.683141388,222.7100876,Aquifer,13.50584173,44.66406358
357,7.264320256,7.29E-05,2.78E-72,Colorless,1.031866163,0.224646111,125.3597285,2.886124524,439.0202138,Well,7.593254794,39.97423255
358,7.617627007,4.38E-06,1.30E-64,Light Yellow,0.382579441,0.47538004,80.96804646,1.903503574,250.7631209,Well,16.17221896,53.07115132
359,7.882192598,1.95E-08,2.23E-56,Faint Yellow,1.815763166,0.177269769,209.1799344,3.259367208,304.1042209,Lake,8.251087295,49.69487521
360,7.165225441,5.66E-08,1.63E-98,Light Yellow,0.83197189,1.079902541,204.8046889,3.803141445,243.3609999,Spring,9.634470919,79.29354105
361,7.969487744,3.18E-11,7.07E-81,Near Colorless,0.420689455,0.786681398,232.5019357,3.438312962,81.13302904,Aquifer,16.74865795,50.27824756
362,6.612025432,0.000355638,3.64E-34,Faint Yellow,0.139105044,,98.99832338,4.109624942,436.3005707,Aquifer,22.65526769,47.61430975
363,6.757925814,0.00274013,8.60E-06,Light Yellow,0.794201869,0.799401246,137.0520235,4.087706058,401.4118044,Ground,23.87607534,78.15311376
364,7.023942678,0.066005059,0,Near Colorless,0.886067882,0.009247763,210.2886085,2.417752584,467.5201573,Ground,5.366024302,54.76560166
365,7.988810852,0.012213414,1.06E-205,Near Colorless,0.742024394,0.830262119,68.64379053,3.428270325,439.6529641,Well,12.377012,38.37319211
366,7.017248655,0.004103908,1.05E-15,Colorless,1.812992473,0.352086498,210.158997,1.892356457,474.9950269,Reservoir,20.58067876,61.18876022
367,7.513047189,0.005028046,6.64E-69,Colorless,0.03767331,0.044596422,159.1662221,2.509637698,22.23343645,River,22.91720114,61.10066789
368,7.854733537,1.79E-12,6.39E-102,Colorless,0.474506224,0.180780747,175.0843035,2.988657174,256.0868247,River,9.020085309,44.52128406
369,7.602713128,0.198346714,4.20E-13,Colorless,0.878987526,0.267821253,102.9841215,3.417103076,371.8001751,Stream,15.14921256,49.21564067
370,6.951203481,0.048421647,3.16E-47,Yellow,0.776358571,4.04421615,298.4759925,2.576989644,370.1989661,River,16.08944966,63.42038521
371,7.213041411,0.21084762,3.94E-140,Faint Yellow,1.977851236,0.00870655,95.14289495,3.452543851,140.0815351,Reservoir,25.56497986,99.731653
372,7.004966153,9.63E-15,2.36E-84,Colorless,1.518510312,0.344436836,85.09495226,3.586597133,36.03237638,Aquifer,15.31179372,12.27435214
373,6.567212534,0.00628047,1.20E-29,Near Colorless,0.798922591,0.603824021,157.8002428,2.60342206,223.8310237,Aquifer,17.51647604,54.81069419
374,7.533400378,0.12280788,2.87E-15,Colorless,0.915245588,0.14272563,90.45981844,2.817114386,287.1174173,River,22.37886593,58.06925384
375,6.619721786,0.231605738,1.13E-109,Light Yellow,0.177713691,0.115809919,70.32659471,3.652425474,137.2516352,Aquifer,13.2378972,58.51452044
376,7.36757241,0.005716582,5.22E-103,Colorless,1.422927347,0.109490673,128.2016315,2.755797552,297.9521794,Reservoir,21.60263392,67.96719608
377,8.248045355,0.086865675,5.03E-79,Faint Yellow,0.010387159,0.328424551,225.7889491,4.157962991,224.3485992,Lake,22.70541158,56.34247927
378,7.009435682,0.045578541,5.39E-05,Colorless,0.283985239,0.037517843,145.9441305,3.77857494,2.281822653,River,,74.71111363
379,6.94628945,0.003123504,2.76E-56,Colorless,0.563490444,0.311844628,56.42306128,2.544866401,410.9825171,Aquifer,5.102469437,34.16886874
380,7.335612893,2.52E-06,3.28E-224,Colorless,1.015506124,0.487676753,157.4776966,3.469010127,381.6284908,Ground,8.408133838,59.27504491
381,8.359717088,0.365928195,6.65E-218,Light Yellow,1.738743565,2.728976898,139.8158986,2.163853706,29.78199155,River,37.38633472,57.3601216
382,7.482762396,0.001009976,5.57E-23,Colorless,0.869472033,0.531367443,103.070654,2.418435155,198.0484987,Aquifer,10.2146587,76.77128493
383,8.205538714,2.54E-05,5.45E-22,,1.833616063,0.011534924,133.8198632,2.392279757,169.5257274,Well,7.44636326,82.89485305
384,6.611446674,0.00584563,1.92E-156,Near Colorless,0.020291648,0.060228835,205.6998903,3.458402602,204.5620584,Aquifer,10.01636839,52.17445086
385,7.417425117,0.216642227,1.93E-48,Yellow,0.541461793,0.018559837,76.16806582,2.998314827,195.4464295,River,11.64951354,107.2220204
386,8.375618161,1.68E-05,1.66E-08,Near Colorless,1.519483995,0.118246101,87.7571761,3.976952446,192.2484223,River,18.95427533,49.46198684
387,7.091045825,0.061600192,7.49E-45,Colorless,1.385619938,0.043009939,91.70693408,2.355641689,373.2824957,Lake,17.96843919,83.43833755
388,6.666133444,0.012046296,1.37E-40,Colorless,1.166917995,0.375180874,66.89547979,3.431242366,461.0582523,Aquifer,25.17056083,97.80818458
389,7.25825687,6.32E-10,5.33E-102,Near Colorless,0.902809625,0.155121304,125.1283708,3.045764313,188.2896875,River,21.27620366,61.97649414
390,8.19195891,0.003239415,7.82E-59,Colorless,1.996148358,0.80356635,133.5930953,2.977647232,11.29259818,Lake,10.19360909,39.34408147
391,6.84322645,0.036015555,1.16E-126,Faint Yellow,1.286359237,0.163976437,207.9163259,3.004029719,206.4000225,Reservoir,27.58150774,41.82180576
392,6.754322719,0.024236514,3.20E-116,Colorless,0.227434609,0.707320546,101.0665838,3.99876099,162.9334103,Well,7.043669005,63.24340379
393,8.366431466,0.028153391,3.12E-27,Colorless,1.327302544,0.619680201,180.7563129,4.048191317,364.1329386,Lake,17.89367412,60.74007486
394,5.678709787,5.58E-13,,Light Yellow,,0.093936394,135.9720847,3.702772128,533.3945213,Stream,12.44514745,52.23030319
395,6.973848368,4.32E-07,3.41E-106,Light Yellow,1.32720031,0.067757508,181.3702613,2.468952496,53.63357195,,13.60254183,20.75406602
396,8.214456643,0.025297897,2.30E-162,Colorless,0.3753895,,178.8164309,2.691571943,78.53032155,Spring,17.28051562,79.06886544
397,8.136907877,1.76E-07,6.33E-109,Colorless,0.489302427,,182.9071389,3.741968828,118.8240688,Ground,15.43877053,82.66108853
398,7.623811109,4.07E-14,5.52E-158,Near Colorless,0.387018377,0.255044771,65.68676283,2.479921685,370.2042596,Spring,21.77865326,79.4073908
399,8.256082714,0.001520293,0.000666283,Near Colorless,2.010659172,1.025933042,131.7828581,2.892226875,485.4294668,Spring,16.50320768,49.20302025
400,7.858851286,3.35E-05,1.82E-30,Colorless,0.065163942,0.471657987,199.2468953,2.818796181,387.0232489,Ground,9.683327696,56.47338011
401,6.750363263,4.18E-09,7.90E-14,Colorless,0.010574228,0.084987006,140.2794185,4.15075141,375.4390128,Stream,17.95980646,96.53498646
402,7.342934947,0.296055786,2.88E-234,Near Colorless,0.851288425,0.267320764,105.7620223,2.9107964,14.2840423,Aquifer,19.37623863,32.38753681
403,8.202070548,7.51E-06,3.74E-68,Faint Yellow,1.416058409,0.404019649,84.72254036,2.940636478,436.1309741,Aquifer,7.411184398,44.02311521
404,8.035895466,0.016840942,2.10E-29,Colorless,0.060058941,0.011740773,151.2987199,3.335173719,178.8988829,Reservoir,9.4138729,72.1927765
405,6.822760784,0.000148665,5.66E-32,Colorless,0.798136481,0.775126399,85.9976917,3.019468734,420.4763884,Stream,4.693049439,48.76894546
406,7.219054512,0.001112949,1.45E-78,Near Colorless,1.393026669,,164.3099534,2.96117206,307.2175138,Reservoir,5.313114317,56.18874791
407,7.043266915,1.21E-07,3.54E-64,Near Colorless,0.344075993,0.24092452,78.30766602,4.156679988,176.5511733,Stream,14.03571004,70.27317235
408,8.397343208,4.66E-09,5.59E-17,Colorless,0.8249556,0.990099237,80.85920147,2.115367984,472.8618801,Well,19.11164098,47.31148033
409,8.519526705,5.82E-12,7.01E-70,Near Colorless,0.113853905,0.96082975,89.87495033,4.412943941,337.4715587,Well,6.493953266,80.52390401
410,8.418258646,0.00759347,3.29E-50,Colorless,1.107524552,0.2887413,136.9413534,4.028001698,167.6120454,Reservoir,21.9621056,26.88433053
411,7.845634105,0.2769011,4.50E-27,Near Colorless,1.616398228,0.254700889,182.5808442,2.793083887,344.9731575,Lake,16.95682612,65.25344031
412,7.088021799,2.67E-05,4.35E-97,Near Colorless,1.425522443,0.386657266,68.91420825,3.289870035,262.2178357,Aquifer,15.29140152,
413,7.835665792,0.003265845,7.22E-85,Faint Yellow,0.498090678,0.117663479,97.44231522,2.704832588,361.697457,Stream,12.53493013,48.18519614
414,6.281567543,2.22E-12,4.83E-115,Yellow,3.281543214,0.469631035,127.4099219,4.161070751,229.9485744,Lake,39.47841909,103.9969615
415,7.60452475,6.62E-20,5.23E-36,Near Colorless,0.780446063,0.336497459,232.7277806,2.980393635,84.84119792,Stream,4.063909514,58.4764438
416,7.722093668,3.94E-05,9.61E-12,Colorless,0.741815486,0.354649233,92.11278421,2.595304554,205.36643,Ground,8.863142648,54.03880312
417,10.7126584,1.90E-06,4.18E-63,Faint Yellow,1.0420765,0.558715978,132.7579238,4.018791142,461.1009752,Well,5.940430501,56.46161728
418,8.191060773,0.012463293,4.36E-106,Near Colorless,1.06401143,0.236339432,110.1498336,2.831099167,88.36154122,Stream,11.9479477,71.20346077
419,9.303952105,1.281737066,5.50E-90,Faint Yellow,1.057408959,1.590048136,255.335736,3.296397323,203.1441585,Aquifer,12.0763783,60.51332218
420,7.869762306,2.76E-10,2.84E-24,Light Yellow,1.07014905,0.28000265,215.1507147,2.607243892,125.9656083,Reservoir,28.94983742,70.22480591
421,8.20901886,1.29E-05,5.74E-89,Colorless,0.55971108,0.649785706,90.28110421,3.221160236,277.9475465,Well,26.72256154,54.71078059
422,7.93714656,0.002080938,7.01E-07,Near Colorless,1.554200823,0.228617753,189.386451,3.118402884,196.2144014,Aquifer,7.631396006,78.18604572
423,7.796400384,0.023622149,3.67E-27,Near Colorless,0.292369528,0.500648876,115.0884366,3.522687068,422.461006,Stream,7.571254667,69.42660501
424,7.783677589,0.000186903,3.74E-106,Colorless,0.552097342,0.002237307,106.5366866,3.059770122,289.3327229,Stream,37.21648425,68.94373269
425,8.363644114,4.48E-08,,Near Colorless,0.30603904,0.114726424,116.3280858,3.405142045,408.3691068,Well,12.07952945,71.88992615
426,8.334774303,2.28E-10,2.46E-89,Near Colorless,0.355933671,0.01162043,42.47307665,3.849076431,282.229903,Stream,27.74094249,73.79838149
427,7.634237018,4.64E-08,9.10E-21,Light Yellow,2.776740572,,113.3717899,3.532281601,306.9866981,Reservoir,10.22025477,11.31943318
428,6.963049739,0.178921233,2.29E-201,Near Colorless,0.18115026,0.281211575,147.3000242,3.736515702,217.4501515,Spring,24.54566624,72.85042547
429,7.431333497,0.000415649,2.68E-119,Faint Yellow,0.895769791,0.042466875,122.3860518,2.017915036,457.5466135,River,27.36240609,52.4231287
430,,0.000168694,5.23E-47,Colorless,0.03810323,0.180660732,72.32293665,2.648640378,274.3906879,River,4.750631448,54.00575303
431,6.641546744,2.21E-11,6.00E-37,Near Colorless,1.082940757,0.750305033,111.1746545,2.780807111,323.8969091,Stream,25.5698594,39.35754708
432,7.251019706,9.25E-08,6.03E-100,Faint Yellow,0.319857299,0.291877479,188.6088398,3.227570649,324.312275,River,6.998030849,63.7577829
433,8.400702648,0.000598395,4.53E-17,Faint Yellow,1.903767295,0.070108957,118.5579653,2.843645347,51.57491279,Aquifer,9.656090338,60.40758468
434,8.011241277,0.034111987,6.09E-07,Colorless,1.971350593,0.660562147,208.0294872,2.538897564,392.0303489,Stream,25.70506156,64.94554559
435,8.154130511,0.00252056,1.17E-22,Colorless,,0.568443079,90.80463259,2.761215259,195.3240072,River,13.0264696,66.00091681
436,6.532372782,0.004619252,2.47E-92,Near Colorless,0.639024665,0.00309244,,2.682950787,58.22989159,Stream,33.99853748,59.37150464
437,7.779325265,0.034366822,1.54E-197,Light Yellow,1.482824014,0.109629188,62.08780114,3.362289454,421.9397732,Spring,21.42627124,70.81044404
438,7.192772813,0.000486996,2.68E-11,Near Colorless,1.122566216,0.355412458,59.42276135,3.913982205,257.6921564,Ground,6.81121925,73.30999574
439,8.300883284,0.000902787,2.65E-120,Near Colorless,1.068820357,0.06054244,214.0139224,3.815147728,249.833115,River,14.97837725,55.82876391
440,8.453774662,1.56E-06,1.93E-46,Light Yellow,0.782521428,0.476027538,176.8306161,3.114130452,180.2545701,Ground,17.61456251,60.40292827
441,6.667077378,3.34E-19,1.30E-54,Colorless,0.957432091,0.083389787,181.9259965,3.88554161,454.0696235,River,8.568133756,68.13494196
442,6.73112827,0.010649471,2.17E-105,Colorless,1.070805761,0.0757843,62.9474049,3.967198914,9.208021158,Reservoir,39.19014154,56.67945171
443,6.806606453,0.039577114,4.23E-265,Near Colorless,1.453135329,0.768333537,249.9176918,3.579992855,397.5845179,Well,14.10883678,60.41304979
444,7.285742207,3.12E-06,5.60E-71,Light Yellow,1.280480932,0.27159132,61.92507017,2.552013071,70.96335932,Lake,13.26981615,61.3322255
445,8.055124037,0.114110089,1.50E-133,Colorless,1.31720582,0.182148859,176.0598889,3.966489108,183.0191867,Ground,6.556950447,80.80816839
446,8.478514709,0.138496386,7.62E-98,Colorless,0.22032698,0.111542707,154.7972856,3.331240096,36.6957515,Stream,22.00585921,76.85156664
447,7.363933726,0.002266198,9.21E-186,Faint Yellow,0.054588795,0.885616552,112.8692503,2.755231548,143.7797928,Lake,9.945124987,47.86413578
448,7.566890875,2.13E-07,1.09E-54,Near Colorless,0.181336536,0.00320496,68.65676842,3.1473546,97.30319152,River,8.493711267,53.14175638
449,6.744510531,0.001715431,3.56E-36,Yellow,0.613828735,0.871309198,113.2879012,1.963504109,470.5346988,Spring,6.940314122,61.39630663
450,6.959699353,0.040998697,6.58E-100,Faint Yellow,,0.759158136,138.1708943,4.224052773,541.613664,River,32.4467129,32.98788805
451,8.738017556,8.72E-09,8.82E-59,Faint Yellow,0.22629686,1.486992574,105.9018074,3.398481228,456.8638103,Aquifer,14.50759394,126.7570621
452,6.593485298,0.003809399,0,Colorless,0.419471967,0.091787618,137.6818391,3.658076137,255.4080054,Spring,54.66826691,52.23911495
453,7.205805939,0.029803483,1.37E-32,Near Colorless,0.414917771,0.478144059,170.3634229,3.310053094,79.81531474,Reservoir,18.90205701,63.55847307
454,8.005344174,3.36E-06,0,Colorless,1.570458883,0.01739579,248.237399,3.548469903,443.2033025,Stream,7.543710496,34.25025117
455,7.362740728,0.008611022,3.10E-67,Colorless,0.894616347,0.100269564,92.57354088,2.61522959,99.3903354,Spring,31.55048933,72.11012705
456,7.8961347,0.012778367,8.81E-46,Near Colorless,0.302624458,0.303516754,167.6627512,2.371265793,71.34677088,Stream,48.31392532,53.98771805
457,6.918550785,0.000395195,1.78E-13,Colorless,0.312771016,0.286974067,179.6977705,3.437279663,159.0408472,Spring,12.93875155,63.81221155
458,7.77959354,0.00192591,1.82E-264,Colorless,0.025880486,,163.9050568,3.819551682,145.6019728,Reservoir,14.84042967,79.75574161
459,8.360770515,1.24E-09,1.39E-79,Faint Yellow,0.64777868,0.564591806,46.68482097,1.908933404,358.4845733,Spring,15.25820779,65.66103478
460,7.612914481,0.076824506,4.61E-12,Colorless,0.979388574,0.108465819,128.9430212,3.484088258,277.2656603,Aquifer,18.3881643,54.56731008
461,5.899509751,1.05E-06,1.62E-133,Faint Yellow,0.453906821,0.153201497,266.5809841,2.835267796,464.6014134,Well,21.05086635,68.31582745
462,7.686850852,0.000173882,3.33E-15,Light Yellow,0.350844878,0.422267629,106.865858,3.015380731,30.05419693,Reservoir,15.75399493,44.04842575
463,7.527173446,0.024705909,2.50E-59,Near Colorless,0.602021193,0.568136966,80.58054135,3.518281453,393.2314055,River,12.01302652,84.95330602
464,7.462472387,0.064207859,4.27E-16,Colorless,0.712757985,0.995214761,206.0167536,2.440228662,307.5829831,Spring,29.02423188,45.32833138
465,7.793515521,1.598043851,0,Light Yellow,1.13340444,1.74288019,,2.902659153,32.87435711,Stream,45.54848559,41.069974
466,7.487433,6.48E-07,1.75E-123,Near Colorless,1.478973114,0.619638496,166.5072619,2.297694373,279.9188668,Ground,6.408793114,68.43766673
467,6.658287693,0.000758281,8.14E-112,Light Yellow,1.257589273,0.681000553,133.3421502,2.83755917,366.616372,River,8.919105902,75.27102012
468,7.586529574,0.047344619,1.04E-07,Light Yellow,0.044407095,0.505716456,93.51677895,3.888040134,410.7950681,River,9.400599691,84.0092616
469,7.006516588,2.80E-17,3.28E-154,Colorless,1.988557112,0.439301676,78.6321374,3.544547839,316.5778075,Reservoir,14.78887682,58.06499098
470,8.204694931,0.035809347,1.62E-64,Faint Yellow,0.654736277,0.134567727,79.66950358,2.597101872,76.51107988,River,18.39631625,81.0527108
471,7.413159151,0.019717915,2.72E-55,Faint Yellow,0.177744941,0.36122731,102.7775961,2.426191087,96.54700856,Lake,15.53445987,76.8217221
472,7.124444287,1.92E-05,1.82E-08,Light Yellow,1.395297276,1.873071017,84.66096538,2.671623201,393.5815888,Reservoir,46.93289307,29.56211438
473,6.953808077,0.304993219,1.64E-88,Near Colorless,2.242785558,0.080760226,64.67567337,4.17755894,477.8527275,Lake,19.58620901,57.09325995
474,8.072600563,0.000788013,1.34E-87,Near Colorless,0.388580516,0.507787283,,3.343795288,395.204806,Reservoir,13.57317429,56.58505832
475,6.512089895,0.019363901,4.99E-12,Faint Yellow,1.793701544,0.064397812,80.39623513,3.09493354,214.0344432,Well,18.27798917,27.50325312
476,8.266038266,0.120373099,4.81E-67,Colorless,1.217637929,0.268560085,149.6560738,3.726373257,422.9982755,River,28.19667445,93.56301302
477,7.188560595,0.204814234,1.71E-132,Near Colorless,1.11545772,0.003179943,248.7203948,2.903476591,184.205028,Lake,21.67121886,48.07464041
478,6.874670832,1.36E-09,4.02E-22,Colorless,1.116676796,0.537357799,175.3309287,3.423385346,191.8636454,Ground,33.29393524,61.73322214
479,8.303551419,0.06976038,6.38E-38,Colorless,0.054810201,0.54148309,179.5978484,2.392106676,310.015915,,21.67152811,43.65678139
480,8.084244943,0.099600219,1.05E-148,Faint Yellow,0.177955125,0.423869883,237.9987897,2.057193639,351.7714405,Ground,17.19877914,67.48473552
481,7.229984992,0.096686686,9.88E-243,Faint Yellow,2.008850033,0.02917497,49.24218999,3.804043858,190.9948817,Stream,17.661923,47.05281685
482,7.576220455,0.000974326,1.03E-229,Colorless,1.611455037,0.893138855,175.8826803,3.756263752,268.2446277,Stream,7.912563031,67.13939117
483,8.366720692,0.00226614,1.20E-43,Near Colorless,1.337681113,1.030412234,,2.887525553,149.1692951,Lake,30.73311312,71.65411218
484,7.794280591,0.000738776,3.34E-92,Near Colorless,0.126222499,0.107214518,127.2930885,,355.7598322,Well,9.2841212,88.38163072
485,8.33438602,0.00188555,7.73E-15,Near Colorless,0.696735575,0.091991539,100.7903601,2.286401358,500.2065829,Spring,20.16048152,85.53488952
486,6.957221514,0.008977326,4.76E-65,Colorless,0.720086332,0.224865151,179.726782,3.236694682,212.4773642,Ground,10.675661,88.66999539
487,6.573741183,0.016652994,0.000250549,Colorless,,0.038860087,167.6465421,3.635382924,51.16944426,River,31.04358214,24.89411909
488,6.666287958,2.05E-11,1.13E-42,Near Colorless,0.610916376,0.167781193,186.5158647,3.776926235,362.8356358,Ground,5.516157326,51.58131509
489,8.498231474,2.87E-12,3.59E-37,Light Yellow,1.033417486,0.49425822,242.6954723,3.286532844,491.2889886,River,,
490,7.611724518,1.06E-07,4.48E-170,Colorless,0.792301961,0.182010165,173.3561905,2.97374237,53.52202977,Ground,19.17547229,69.49933646
491,6.955690994,0.004039713,1.02E-116,Faint Yellow,0.837069329,0.927195648,62.2205961,2.67953195,246.1320216,Aquifer,21.84650705,59.69602546
492,6.008381468,3.61E-07,6.86E-187,Light Yellow,0.71244485,0.204463828,170.1954221,3.90330229,291.2786632,Ground,,46.61517813
493,7.805599459,0.008010328,3.29E-64,Near Colorless,0.227651962,0.530859805,71.1238659,4.600900333,194.6284318,Aquifer,8.543227014,45.48136288
494,6.665860624,1.19E-06,1.48E-86,Colorless,0.901023444,0.157206427,69.06520079,4.148478754,128.9232668,Stream,15.16236695,37.20416114
495,8.58916174,0.002702691,2.04E-87,Light Yellow,0.773146569,1.33103789,,4.829046879,85.38858479,Aquifer,9.644295464,58.14520684
496,7.212841122,0.00011878,1.52E-23,Near Colorless,0.695942231,0.412492741,196.8240871,,216.5736702,Ground,25.2399341,60.00084931
497,7.614208955,2.94E-09,4.43E-108,Near Colorless,0.499011565,0.243586416,94.55861456,2.636566021,456.8594243,Ground,24.78999431,60.60272798
498,7.223198612,0.052217557,4.42E-18,Near Colorless,1.385179602,0.159537042,87.27108989,2.854214845,182.5819685,Well,5.670239298,97.31600123
499,7.380989309,6.59E-06,5.91E-166,Near Colorless,0.842229076,0.332418335,68.03472762,2.973506606,343.0283411,Well,28.7551144,74.5421776
500,7.57380344,0.007148692,1.13E-251,Near Colorless,0.177103854,0.425217878,56.94881462,3.517996453,112.9119122,Ground,10.0359787,31.39391011
